{"accuracy": [0.25500333309173584, 0.5014176368713379, 0.6121581196784973, 0.673365592956543, 0.7314042448997498, 0.760256826877594, 0.8038692474365234, 0.8246330618858337, 0.8505670428276062, 0.8790860772132874, 0.8934289813041687, 0.908522367477417, 0.9241994619369507, 0.9273682236671448, 0.9381254315376282, 0.9409606456756592, 0.9526351094245911, 0.9555537104606628, 0.9655603766441345, 0.9665610194206238, 0.9668945670127869, 0.9711474180221558, 0.9739826321601868, 0.9703969359397888, 0.9750667214393616, 0.9811540842056274, 0.9754836559295654, 0.982321560382843, 0.9821547865867615, 0.9817378520965576], "loss": [2.002587080001831, 1.4126404523849487, 1.1084034442901611, 0.9432184100151062, 0.8001128435134888, 0.7026636600494385, 0.586830735206604, 0.5141180157661438, 0.4354735016822815, 0.3579704463481903, 0.32234591245651245, 0.27453410625457764, 0.2315235435962677, 0.22004570066928864, 0.18294842541217804, 0.17672741413116455, 0.14532814919948578, 0.12903517484664917, 0.10442864894866943, 0.10235774517059326, 0.102181576192379, 0.09230528026819229, 0.0806945264339447, 0.09385013580322266, 0.0752275213599205, 0.05930894985795021, 0.07242734730243683, 0.05508919060230255, 0.053843166679143906, 0.05920450761914253], "val_accuracy": [0.3979319632053375, 0.5880587100982666, 0.6527684926986694, 0.7114742994308472, 0.7264842987060547, 0.7208138704299927, 0.7885257005691528, 0.7928618788719177, 0.818879246711731, 0.8442294597625732, 0.8569046258926392, 0.8549032807350159, 0.8662441372871399, 0.8629086017608643, 0.8769179582595825, 0.8692461848258972, 0.8832554817199707, 0.879586398601532, 0.897598385810852, 0.8779186010360718, 0.886257529258728, 0.8889259696006775, 0.8959306478500366, 0.8829219341278076, 0.89192795753479, 0.9026017189025879, 0.9112741947174072, 0.8992661833763123, 0.9036024212837219, 0.8772515058517456], "val_loss": [1.61906898021698, 1.1892437934875488, 0.9978898763656616, 0.8695706129074097, 0.8318362236022949, 0.7955073714256287, 0.6305738091468811, 0.6230666041374207, 0.5398534536361694, 0.4646182060241699, 0.4671514332294464, 0.4680897295475006, 0.44298747181892395, 0.44503867626190186, 0.4494665563106537, 0.4927468001842499, 0.40683597326278687, 0.41892209649086, 0.3752724826335907, 0.4439554810523987, 0.41691088676452637, 0.4148593842983246, 0.4014572501182556, 0.41200172901153564, 0.39063018560409546, 0.3762979805469513, 0.37452059984207153, 0.3671298921108246, 0.3876505196094513, 0.5895061492919922]}